5712d857-4a9f-4caa-a1ae-bceb7f00e6fb,6d580f9c-65f1-4d53-add8-9d132b3c8af3,KOTA ADM. JAKARTA PUSAT,KOTA ADM. JAKARTA PUSAT
f8666220-8593-4dc3-bdc6-d4b8c092c188,6d580f9c-65f1-4d53-add8-9d132b3c8af3,KOTA ADM. JAKARTA BARAT,KOTA ADM. JAKARTA BARAT
ed6b2e7f-0f4c-4cd8-83b0-5f7d97814cc2,6d580f9c-65f1-4d53-add8-9d132b3c8af3,KOTA ADM. JAKARTA SELATAN,KOTA ADM. JAKARTA SELATAN
bb1d1656-d9c3-4a4b-b4f4-5e68ba7a1529,6d580f9c-65f1-4d53-add8-9d132b3c8af3,KOTA ADM. JAKARTA TIMUR,KOTA ADM. JAKARTA TIMUR
6c884611-3d90-4c50-b23d-8955212f9f5e,6d580f9c-65f1-4d53-add8-9d132b3c8af3,KOTA ADM. JAKARTA UTARA,KOTA ADM. JAKARTA UTARA
79a5fc21-eb1f-4a5b-9b1c-ca5288dd199d,6d580f9c-65f1-4d53-add8-9d132b3c8af3,KAB. ADM. KEP. SERIBU,KAB. ADM. KEP. SERIBU
7925a56c-3322-44b5-baed-6f47977f7e91,7c3abddf-f985-4138-8cf8-5e0471d5fbfa,KOTA TANGERANG,KOTA TANGERANG
cc705e0f-7980-4372-8f0e-8f0d630d32ef,7c3abddf-f985-4138-8cf8-5e0471d5fbfa,KAB. TANGERANG,KAB. TANGERANG
9aa31ed9-7e83-4631-8eab-8a0741facd8e,7c3abddf-f985-4138-8cf8-5e0471d5fbfa,KOTA TANGERANG SELATAN,KOTA TANGERANG SELATAN
d54c9858-0f7b-4605-b273-ee609d4e722a,0e31c03c-7f72-4f89-a09e-0c08f66bbb83,KOTA BOGOR,KOTA BOGOR
7747226f-adbb-47f1-9fd1-719ba1730e0e,0e31c03c-7f72-4f89-a09e-0c08f66bbb83,KAB. BOGOR,KAB. BOGOR
94f8ad4d-5597-41a3-828e-8f5aac7ba857,0e31c03c-7f72-4f89-a09e-0c08f66bbb83,KOTA DEPOK,KOTA DEPOK
11612a00-e2c7-46b5-b5e1-ca38cc85b110,0e31c03c-7f72-4f89-a09e-0c08f66bbb83,KOTA BEKASI,KOTA BEKASI
b85b140d-50d7-449a-b8ba-88732a8e9cc0,0e31c03c-7f72-4f89-a09e-0c08f66bbb83,KAB. BEKASI,KAB. BEKASI
9bb4957f-23a4-4d56-a136-3aaea0e897eb,777720da-a0c4-4efd-923a-2de419880a3c,KOTA MEDAN,KOTA MEDAN
2ed86efd-26b1-4e68-a4b8-a9c65498e030,777720da-a0c4-4efd-923a-2de419880a3c,KAB. DELI SERDANG,KAB. DELI SERDANG
bb8725c6-bdef-48a6-9541-65d35be83682,777720da-a0c4-4efd-923a-2de419880a3c,KOTA TEBING TINGGI,KOTA TEBING TINGGI
1974ba9f-4092-4844-8140-56ce709da567,777720da-a0c4-4efd-923a-2de419880a3c,KAB. SERDANG BEDAGAI,KAB. SERDANG BEDAGAI
3b35e8ed-1382-4bbb-8876-03263bf6c06d,777720da-a0c4-4efd-923a-2de419880a3c,KOTA BINJAI,KOTA BINJAI
fdb64fb9-fa56-4935-b77d-60fc80ed563b,777720da-a0c4-4efd-923a-2de419880a3c,KAB. LANGKAT,KAB. LANGKAT
a3fcfab4-b5d7-4975-a496-98a75caeac95,777720da-a0c4-4efd-923a-2de419880a3c,KOTA PEMATANG SIANTAR,KOTA PEMATANG SIANTAR
58b7c771-4acb-4228-85fe-59d7d895eaac,777720da-a0c4-4efd-923a-2de419880a3c,KAB. SIMALUNGUN,KAB. SIMALUNGUN
6da34b0b-c6f7-4476-94c2-4b3aca4ffa00,777720da-a0c4-4efd-923a-2de419880a3c,KAB. ASAHAN,KAB. ASAHAN
744b4bd7-21ad-4dd8-af86-09153c27f744,777720da-a0c4-4efd-923a-2de419880a3c,KOTA TANJUNG BALAI,KOTA TANJUNG BALAI
16dbdf91-73b3-4e1b-b07a-4014f837bee3,777720da-a0c4-4efd-923a-2de419880a3c,KAB. LABUHANBATU,KAB. LABUHANBATU
08be8a78-33c7-4b7d-ad33-c6ddd9cfc01e,777720da-a0c4-4efd-923a-2de419880a3c,KAB. LABUHANBATU SELATAN,KAB. LABUHANBATU SELATAN
a9221645-53e9-418d-9d6e-2171ba57800c,777720da-a0c4-4efd-923a-2de419880a3c,KAB. BATU BARA,KAB. BATU BARA
8919e3ff-88d9-484d-9ca4-e9f63ce6d354,777720da-a0c4-4efd-923a-2de419880a3c,KAB. LABUHANBATU UTARA,KAB. LABUHANBATU UTARA
55b66122-c6b3-40c7-b227-08bdfb2672aa,777720da-a0c4-4efd-923a-2de419880a3c,KAB. KARO,KAB. KARO
f879fa9d-cabe-4346-8809-d8239db7163d,777720da-a0c4-4efd-923a-2de419880a3c,KAB. DAIRI,KAB. DAIRI
18a95c7f-a095-470c-9af5-9b86b00f67ec,777720da-a0c4-4efd-923a-2de419880a3c,KAB. PAKPAK BHARAT,KAB. PAKPAK BHARAT
0d8b0a54-e927-4af8-83ba-84b79407262b,777720da-a0c4-4efd-923a-2de419880a3c,KAB. TOBA SAMOSIR,KAB. TOBA SAMOSIR
248240c0-00ae-4983-9d22-1f2656ed1e3a,777720da-a0c4-4efd-923a-2de419880a3c,KAB. SAMOSIR,KAB. SAMOSIR
13591435-c5b1-40c0-b382-07511dd3d41b,777720da-a0c4-4efd-923a-2de419880a3c,KAB. TAPANULI UTARA,KAB. TAPANULI UTARA
d024d919-3268-4c95-9842-7ea3eaa7903c,777720da-a0c4-4efd-923a-2de419880a3c,KAB. HUMBANG HASUNDUTAN,KAB. HUMBANG HASUNDUTAN
775200c7-ec3f-4893-885f-1096bc643f5c,777720da-a0c4-4efd-923a-2de419880a3c,KOTA SIBOLGA,KOTA SIBOLGA
d204920b-47bd-42ed-9fd2-102c7a08e973,777720da-a0c4-4efd-923a-2de419880a3c,KAB. TAPANULI TENGAH,KAB. TAPANULI TENGAH
a5e3878b-da21-4595-b5f9-9ace9203fb4d,777720da-a0c4-4efd-923a-2de419880a3c,Kota Padang Sidempuan,Kota Padang Sidempuan
60ebbb2e-f930-4e36-8e0c-7121003eceb5,777720da-a0c4-4efd-923a-2de419880a3c,KAB. TAPANULI SELATAN,KAB. TAPANULI SELATAN
5acedcb1-dfb5-41cd-a379-32a32337585a,777720da-a0c4-4efd-923a-2de419880a3c,KAB. PADANG LAWAS UTARA,KAB. PADANG LAWAS UTARA
5540d031-65e3-44a4-8775-a6613afce830,777720da-a0c4-4efd-923a-2de419880a3c,KAB. PADANG LAWAS,KAB. PADANG LAWAS
46ff5f9c-096d-4627-a2a5-59319b5601dd,777720da-a0c4-4efd-923a-2de419880a3c,KOTA GUNUNGSITOLI,KOTA GUNUNGSITOLI
bdc50c9b-f887-4bc8-bfdc-d7b03e83069d,777720da-a0c4-4efd-923a-2de419880a3c,KAB. NIAS SELATAN,KAB. NIAS SELATAN
ad260b23-3667-4ecb-8e4f-1beb56680e51,777720da-a0c4-4efd-923a-2de419880a3c,KAB. NIAS UTARA,KAB. NIAS UTARA
22676adb-99a7-4a9d-a1c7-1196adb04274,777720da-a0c4-4efd-923a-2de419880a3c,KAB. NIAS,KAB. NIAS
947fd573-3558-4bcb-b999-c207d8dd04ef,777720da-a0c4-4efd-923a-2de419880a3c,KAB. NIAS BARAT,KAB. NIAS BARAT
51ce142e-845c-4c3c-9c8a-c5e8deab3545,777720da-a0c4-4efd-923a-2de419880a3c,KAB. MANDAILING NATAL,KAB. MANDAILING NATAL
5f7cdd3a-a384-49e1-be0b-6c1695347eab,0e8612ac-89a9-4f86-bc5d-5f371cd57592,KOTA BANDA ACEH,KOTA BANDA ACEH
185a5c1c-74d6-4847-8a08-c9e20bdf5b0f,0e8612ac-89a9-4f86-bc5d-5f371cd57592,KAB. ACEH BESAR,KAB. ACEH BESAR
18066e6c-2db2-4a43-a1c3-93c5bcd2af53,0e8612ac-89a9-4f86-bc5d-5f371cd57592,KOTA SABANG,KOTA SABANG
406e36d4-7f62-4feb-9ebb-f3e69cb7f26a,0e8612ac-89a9-4f86-bc5d-5f371cd57592,KAB. ACEH BARAT,KAB. ACEH BARAT
935d371c-bdf8-4703-a44c-80bd76df552f,0e8612ac-89a9-4f86-bc5d-5f371cd57592,KAB. ACEH JAYA,KAB. ACEH JAYA
5359d010-5e2c-45e2-92fa-f13445c3697a,0e8612ac-89a9-4f86-bc5d-5f371cd57592,KAB. NAGAN RAYA,KAB. NAGAN RAYA
5369ddb5-3e88-4b05-b838-6738843423a1,0e8612ac-89a9-4f86-bc5d-5f371cd57592,KAB. ACEH SELATAN,KAB. ACEH SELATAN
4c116a10-f649-444b-83f3-0f1d89fbe97e,0e8612ac-89a9-4f86-bc5d-5f371cd57592,KAB. ACEH BARAT DAYA,KAB. ACEH BARAT DAYA
661d1026-438a-4002-8a13-415b55f57ac0,0e8612ac-89a9-4f86-bc5d-5f371cd57592,KAB. SIMEULUE,KAB. SIMEULUE
768fc8a2-2c36-49f6-85e1-5e5573c2bafa,0e8612ac-89a9-4f86-bc5d-5f371cd57592,KAB. PIDIE,KAB. PIDIE
880bcb8f-710c-4bf0-8ee4-7c403eff7458,0e8612ac-89a9-4f86-bc5d-5f371cd57592,KAB. PIDIE JAYA,KAB. PIDIE JAYA
b67a95b1-4b55-41a2-8ecb-6f6707e0f53c,0e8612ac-89a9-4f86-bc5d-5f371cd57592,KAB. BIREUEN,KAB. BIREUEN
ef941e4e-290f-430d-95c6-9d0ead5faed9,0e8612ac-89a9-4f86-bc5d-5f371cd57592,KOTA LHOKSEUMAWE,KOTA LHOKSEUMAWE
47c4e2d5-e821-4457-b30c-c668bb4cff70,0e8612ac-89a9-4f86-bc5d-5f371cd57592,KAB. ACEH UTARA,KAB. ACEH UTARA
4f653bd5-1838-4931-ba04-71110651f632,0e8612ac-89a9-4f86-bc5d-5f371cd57592,KOTA LANGSA,KOTA LANGSA
c772dd3b-c1e5-4d69-955e-55c92f708b24,0e8612ac-89a9-4f86-bc5d-5f371cd57592,KAB. ACEH TIMUR,KAB. ACEH TIMUR
d9a5a4e7-202f-47bd-848a-890ac4b34de6,0e8612ac-89a9-4f86-bc5d-5f371cd57592,KAB. ACEH TAMIANG,KAB. ACEH TAMIANG
347e8525-4594-475a-9d2c-a5129a42c326,0e8612ac-89a9-4f86-bc5d-5f371cd57592,KAB. ACEH TENGAH,KAB. ACEH TENGAH
494c56d1-08d5-4008-a11e-375749d5de06,0e8612ac-89a9-4f86-bc5d-5f371cd57592,KAB. BENER MERIAH,KAB. BENER MERIAH
93be7466-0a32-4962-a587-d1356ef89f83,0e8612ac-89a9-4f86-bc5d-5f371cd57592,KAB. ACEH TENGGARA,KAB. ACEH TENGGARA
6d4c1ed1-9aa6-4d26-9f92-2bbb6a89c2d4,0e8612ac-89a9-4f86-bc5d-5f371cd57592,KAB. GAYO LUES,KAB. GAYO LUES
a17f8cbc-10a7-48ec-bab8-bc98a69f6977,0e8612ac-89a9-4f86-bc5d-5f371cd57592,KAB. ACEH SINGKIL,KAB. ACEH SINGKIL
bdcc6444-c1e8-4357-827d-b7111cd3dbb7,0e8612ac-89a9-4f86-bc5d-5f371cd57592,KOTA SUBULUSSALAM,KOTA SUBULUSSALAM
0ce2c88d-4cee-4547-b4b4-f7e503a48788,e4f7a339-91a8-4622-a09d-1241f5939d58,KOTA PADANG,KOTA PADANG
c36675cb-97df-4663-ba79-08d328d99d9a,e4f7a339-91a8-4622-a09d-1241f5939d58,KOTA PARIAMAN,KOTA PARIAMAN
8ff6dc48-9cd8-47a2-8f81-e98e702e968c,e4f7a339-91a8-4622-a09d-1241f5939d58,KAB. PADANG PARIAMAN,KAB. PADANG PARIAMAN
e95b3da7-2d8d-499d-ade6-5b049e5636fa,e4f7a339-91a8-4622-a09d-1241f5939d58,KAB. PESISIR SELATAN,KAB. PESISIR SELATAN
08356f3a-a6da-4aac-a683-f4f9388fae99,e4f7a339-91a8-4622-a09d-1241f5939d58,KAB. KEPULAUAN MENTAWAI,KAB. KEPULAUAN MENTAWAI
9f414a21-7c1c-44e1-954e-73d7c1b6276a,e4f7a339-91a8-4622-a09d-1241f5939d58,KOTA BUKITTINGGI,KOTA BUKITTINGGI
237aa95d-21b1-4168-969e-8953f6d0beb7,e4f7a339-91a8-4622-a09d-1241f5939d58,KOTA PAYAKUMBUH,KOTA PAYAKUMBUH
7127b05d-b4d9-4c65-9c47-774c72208c98,e4f7a339-91a8-4622-a09d-1241f5939d58,KAB. PASAMAN,KAB. PASAMAN
bd08d3e2-980b-4723-be79-e4b9cb08ffeb,e4f7a339-91a8-4622-a09d-1241f5939d58,KAB. AGAM,KAB. AGAM
80d2adf6-5a00-4cba-9741-896e10736a21,e4f7a339-91a8-4622-a09d-1241f5939d58,KAB. PASAMAN BARAT,KAB. PASAMAN BARAT
5dba616f-0cba-40f5-8e92-919f78eba5a1,e4f7a339-91a8-4622-a09d-1241f5939d58,KAB. LIMA PULUH KOTA,KAB. LIMA PULUH KOTA
627b6a3b-22c5-4838-b006-2d34ef598d0d,e4f7a339-91a8-4622-a09d-1241f5939d58,KOTA PADANG PANJANG,KOTA PADANG PANJANG
c4a876c8-a6ef-4934-a91a-9d53f79aa5f4,e4f7a339-91a8-4622-a09d-1241f5939d58,KOTA PADANGP ANJANG,KOTA PADANGP ANJANG
eab745b3-c8a5-4ff2-ac77-a506cf86e933,e4f7a339-91a8-4622-a09d-1241f5939d58,KAB. TANAH DATAR,KAB. TANAH DATAR
42530e32-9da1-44ef-89c0-47585de4e6fa,e4f7a339-91a8-4622-a09d-1241f5939d58,KOTA SOLOK,KOTA SOLOK
14bbd2c8-7326-45e9-8960-c1940981e04c,e4f7a339-91a8-4622-a09d-1241f5939d58,KAB. SOLOK,KAB. SOLOK
921be31d-be87-40f6-84f6-adec9ca932f5,e4f7a339-91a8-4622-a09d-1241f5939d58,KOTA SAWAHLUNTO,KOTA SAWAHLUNTO
b2c836c3-cf27-44ad-8e29-33198c85c804,e4f7a339-91a8-4622-a09d-1241f5939d58,KAB. SIJUNJUNG,KAB. SIJUNJUNG
de06bb17-fb8c-4942-a76d-813d024a5da8,e4f7a339-91a8-4622-a09d-1241f5939d58,KAB. DHARMASRAYA,KAB. DHARMASRAYA
950ee100-0757-4464-8301-00004829cc76,e4f7a339-91a8-4622-a09d-1241f5939d58,KAB. SOLOK SELATAN,KAB. SOLOK SELATAN
4785de5e-ab4d-409e-895e-6fdedb612813,ef6b7d2b-98ec-489b-b10d-1c4fb3032f44,KOTA PEKANBARU,KOTA PEKANBARU
56bf5037-3384-4d64-b806-a18a263e3511,ef6b7d2b-98ec-489b-b10d-1c4fb3032f44,KAB. PELALAWAN,KAB. PELALAWAN
64a6e119-146b-4f1b-b7e9-8bb342d2d71f,ef6b7d2b-98ec-489b-b10d-1c4fb3032f44,KAB. KAMPAR,KAB. KAMPAR
225c5b1d-3370-4dd8-b50f-3b741845092b,ef6b7d2b-98ec-489b-b10d-1c4fb3032f44,KAB. ROKAN HULU,KAB. ROKAN HULU
eb967478-48c1-459b-8ac0-cf59024b8b3e,ef6b7d2b-98ec-489b-b10d-1c4fb3032f44,KAB. SIAK,KAB. SIAK
fa406561-1cdc-445a-82b5-1a69fc6d42a8,ef6b7d2b-98ec-489b-b10d-1c4fb3032f44,KAB. BENGKALIS,KAB. BENGKALIS
5c72f2be-9da3-40e3-a5b7-92100f7598cc,ef6b7d2b-98ec-489b-b10d-1c4fb3032f44,KAB. MERANTI,KAB. MERANTI
f1d849ba-a55b-41bd-80c2-68748fe202c9,ef6b7d2b-98ec-489b-b10d-1c4fb3032f44,KOTA DUMAI,KOTA DUMAI
1dd954ee-871a-4a95-918d-dce130de8ab3,ef6b7d2b-98ec-489b-b10d-1c4fb3032f44,KAB. ROKAN HILIR,KAB. ROKAN HILIR
e6f34d1f-e472-480c-b866-4bce2a8dd481,f4e2d7e2-634c-4755-b806-60b828d0bff3,KOTA TANJUNG PINANG,KOTA TANJUNG PINANG
be23406b-40b3-4e8c-88ed-d88077cfbea1,f4e2d7e2-634c-4755-b806-60b828d0bff3,KAB. BINTAN,KAB. BINTAN
60217f1d-febf-4be7-9447-02fe64e9e835,ef6b7d2b-98ec-489b-b10d-1c4fb3032f44,KAB. INDRAGIRI HILIR,KAB. INDRAGIRI HILIR
85740154-366f-4e04-9a86-8b4b69c31e7a,ef6b7d2b-98ec-489b-b10d-1c4fb3032f44,KAB. INDRAGIRI HULU,KAB. INDRAGIRI HULU
82ec9896-9b0a-42ac-8d84-cb390b5a8d98,f4e2d7e2-634c-4755-b806-60b828d0bff3,KOTA BATAM,KOTA BATAM
ec94e39f-fe06-4926-b435-4f1583101079,ef6b7d2b-98ec-489b-b10d-1c4fb3032f44,KAB. KUANTAN SINGINGI,KAB. KUANTAN SINGINGI
8498c03b-9261-4d53-806d-0687896da6a9,f4e2d7e2-634c-4755-b806-60b828d0bff3,KAB. KARIMUN,KAB. KARIMUN
562a9a37-bcfd-4a2a-a7b8-b6a00142c990,f4e2d7e2-634c-4755-b806-60b828d0bff3,KAB. NATUNA,KAB. NATUNA
e6b48deb-dadf-4216-9e85-b9f01a58d693,f4e2d7e2-634c-4755-b806-60b828d0bff3,KAB. LINGGA,KAB. LINGGA
4364dd4e-231f-4565-9993-83ab276ac511,f4e2d7e2-634c-4755-b806-60b828d0bff3,KAB. KEPULAUAN ANAMBAS,KAB. KEPULAUAN ANAMBAS
a9f2311f-7161-46c0-9ccb-6a373f318358,8e21de40-faa6-4cee-a85d-81979f55ff95,KOTA PALEMBANG,KOTA PALEMBANG
e4acc57f-b315-4081-88f3-7eb162c40424,8e21de40-faa6-4cee-a85d-81979f55ff95,KAB. OGAN KOMERING ILIR,KAB. OGAN KOMERING ILIR
85de4480-b9d2-433a-8d56-460d65941a0b,8e21de40-faa6-4cee-a85d-81979f55ff95,KAB. MUSI BANYUASIN,KAB. MUSI BANYUASIN
cc06baab-4225-42c0-8e6e-e067d2d197e1,8e21de40-faa6-4cee-a85d-81979f55ff95,KAB. OGAN ILIR,KAB. OGAN ILIR
fa74d0dd-3d92-4a8d-be05-799ff1eb8373,8e21de40-faa6-4cee-a85d-81979f55ff95,KAB. BANYUASIN,KAB. BANYUASIN
c724475e-e22c-4388-bd9d-32a9e6391243,8e21de40-faa6-4cee-a85d-81979f55ff95,KOTA PRABUMULIH,KOTA PRABUMULIH
046f5c65-1d23-49ce-99e4-fae7e237ae1f,8e21de40-faa6-4cee-a85d-81979f55ff95,Kab. Penukal Abab Lematang Ilir,Kab. Penukal Abab Lematang Ilir
128214ce-4880-4d6e-af78-878302ae6403,8e21de40-faa6-4cee-a85d-81979f55ff95,KAB. MUARA ENIM,KAB. MUARA ENIM
a49466df-4fb9-42fc-8104-3ab7a2654c8c,8e21de40-faa6-4cee-a85d-81979f55ff95,KAB. LAHAT,KAB. LAHAT
86e0668e-d751-4d4c-a7fd-92abc4d99407,8e21de40-faa6-4cee-a85d-81979f55ff95,KOTA PAGAR ALAM,KOTA PAGAR ALAM
12fa377d-531e-4184-90f6-ac908d440937,8e21de40-faa6-4cee-a85d-81979f55ff95,KOTA LUBUKLINGGAU,KOTA LUBUKLINGGAU
d1eab82e-a88f-4214-a789-dc9cbe23b5e4,8e21de40-faa6-4cee-a85d-81979f55ff95,KAB. MUSI RAWAS,KAB. MUSI RAWAS
a9a66ce7-ac19-47c8-ad5d-f3c913b88854,8e21de40-faa6-4cee-a85d-81979f55ff95,KAB. EMPAT LAWANG,KAB. EMPAT LAWANG
47d4a73e-7def-47dd-83c8-7123637fcc8d,8e21de40-faa6-4cee-a85d-81979f55ff95,KAB. OGAN KOMERING ULU,KAB. OGAN KOMERING ULU
8fb182a7-8e9f-435c-8910-d43c4bd968c2,8e21de40-faa6-4cee-a85d-81979f55ff95,KAB. OGAN KOMERING ULU SELATAN,KAB. OGAN KOMERING ULU SELATAN
08a40630-d12c-4460-89a6-4084427b1668,8e21de40-faa6-4cee-a85d-81979f55ff95,KAB. OGAN KOMERING ULU TIMUR,KAB. OGAN KOMERING ULU TIMUR
be025b27-d8b9-4514-a83f-0074507d9bd7,5b1c997e-8ed5-476f-9770-be05c2209410,KOTA PANGKAL PINANG,KOTA PANGKAL PINANG
67ad2b7d-aece-410d-a149-26a64fbc890d,5b1c997e-8ed5-476f-9770-be05c2209410,KAB. BANGKA,KAB. BANGKA
9151f984-48ef-47b5-99bc-e424359abb5b,5b1c997e-8ed5-476f-9770-be05c2209410,KAB. BANGKA BARAT,KAB. BANGKA BARAT
153a0d88-dff2-4abc-8182-8127aed3328b,5b1c997e-8ed5-476f-9770-be05c2209410,KAB. BELITUNG,KAB. BELITUNG
134d4b12-693c-4ff3-ba3c-fd5a1d08d398,5b1c997e-8ed5-476f-9770-be05c2209410,KAB. BELITUNG TIMUR,KAB. BELITUNG TIMUR
85a319a7-33cd-4873-ada2-dda254922612,5b1c997e-8ed5-476f-9770-be05c2209410,KAB. BANGKA TENGAH,KAB. BANGKA TENGAH
d9b9cb34-2fe6-46e0-8fcf-ecb5f71cdbce,5b1c997e-8ed5-476f-9770-be05c2209410,KAB. BANGKA SELATAN,KAB. BANGKA SELATAN
ebba91fc-1fa3-4483-b267-a3034b06f3a7,59fab314-349b-41ec-82ff-e6d942de2c41,KOTA METRO,KOTA METRO
33c5ca99-14ee-4b2c-9af5-bc84f7b19cb8,59fab314-349b-41ec-82ff-e6d942de2c41,KAB. LAMPUNG TENGAH,KAB. LAMPUNG TENGAH
67ecbaaf-e387-40b4-9c85-f616c050309a,59fab314-349b-41ec-82ff-e6d942de2c41,KAB. LAMPUNG TIMUR,KAB. LAMPUNG TIMUR
75f89370-5dde-4270-a352-19e7c2531414,59fab314-349b-41ec-82ff-e6d942de2c41,KAB. TULANG BAWANG BARAT,KAB. TULANG BAWANG BARAT
dcd65111-da32-4ae0-ac86-6fa308e643f2,59fab314-349b-41ec-82ff-e6d942de2c41,KAB. LAMPUNG UTARA,KAB. LAMPUNG UTARA
87ed1950-fda8-41cf-803a-c9727c1bbd76,59fab314-349b-41ec-82ff-e6d942de2c41,KAB. TULANG BAWANG,KAB. TULANG BAWANG
9a5b3457-a0fc-48bc-ab1a-740aa0b2d5a9,59fab314-349b-41ec-82ff-e6d942de2c41,KAB. WAY KANAN,KAB. WAY KANAN
b163d469-e36d-4481-92ac-4e450465a1cf,59fab314-349b-41ec-82ff-e6d942de2c41,KAB. LAMPUNG BARAT,KAB. LAMPUNG BARAT
cb1afaa9-4b83-437a-9c6d-fd61958ab8b8,59fab314-349b-41ec-82ff-e6d942de2c41,KAB. MESUJI,KAB. MESUJI
f3815c7c-581c-4301-be47-3935f302b3bc,59fab314-349b-41ec-82ff-e6d942de2c41,KOTA BANDAR LAMPUNG,KOTA BANDAR LAMPUNG
0351cb24-7fee-4687-8db9-0bdf855b719a,59fab314-349b-41ec-82ff-e6d942de2c41,KAB. PESAWARAN,KAB. PESAWARAN
5188b0f7-a74e-45bb-a186-1cdd0844f63b,59fab314-349b-41ec-82ff-e6d942de2c41,KAB. LAMPUNG SELATAN,KAB. LAMPUNG SELATAN
18a70446-292e-4f4a-9e18-f62549334600,59fab314-349b-41ec-82ff-e6d942de2c41,KAB. TANGGAMUS,KAB. TANGGAMUS
52001c29-19a0-4e94-a90d-3ee8903d61c0,59fab314-349b-41ec-82ff-e6d942de2c41,KAB. PRINGSEWU,KAB. PRINGSEWU
11460d12-ed5f-4286-8414-97edbcbb0d60,59fab314-349b-41ec-82ff-e6d942de2c41,KAB. PESISIR BARAT,KAB. PESISIR BARAT
89fc8474-995e-4f11-9082-64a71d8259c1,be45232a-4690-4995-b13f-d45952f34378,KOTA JAMBI,KOTA JAMBI
e6fffb95-331e-4f65-b783-9e494d2d9b6f,be45232a-4690-4995-b13f-d45952f34378,KAB. MUARO JAMBI,KAB. MUARO JAMBI
9e73b98e-c061-498b-b55a-03044111fe96,be45232a-4690-4995-b13f-d45952f34378,KAB. TANJUNG JABUNG BARAT,KAB. TANJUNG JABUNG BARAT
13ce9216-20e1-4e9b-b521-4d92b1c653f6,be45232a-4690-4995-b13f-d45952f34378,KAB. BATANG HARI,KAB. BATANG HARI
8bc9280c-14ed-43ec-8686-4baa2230b0ed,be45232a-4690-4995-b13f-d45952f34378,KAB. TANJUNG JABUNG TIMUR,KAB. TANJUNG JABUNG TIMUR
04ebd783-b4fd-4292-bd27-f082275e8ac3,be45232a-4690-4995-b13f-d45952f34378,KOTA SUNGAI PENUH,KOTA SUNGAI PENUH
85e5271b-22c3-4b71-95f7-e4d5c1a99a4c,be45232a-4690-4995-b13f-d45952f34378,KAB. KERINCI,KAB. KERINCI
36df691a-e6c3-4869-b1df-b7177bcdc629,be45232a-4690-4995-b13f-d45952f34378,KAB. BUNGO,KAB. BUNGO
ec536b66-17b3-4164-a97e-b1f0b18f6db0,be45232a-4690-4995-b13f-d45952f34378,KAB. MERANGIN,KAB. MERANGIN
aca5c45f-75ec-4d8f-816c-4a3564505c62,be45232a-4690-4995-b13f-d45952f34378,KAB. SAROLANGUN,KAB. SAROLANGUN
a573baf3-ba03-4d80-9a0a-32f31a338f81,be45232a-4690-4995-b13f-d45952f34378,KAB. TEBO,KAB. TEBO
3a1328ee-d559-43e2-9dc1-da836ec6acee,c316798e-961b-47f2-aa7a-24ba2ece5186,KOTA BENGKULU,KOTA BENGKULU
8b61b70e-38fa-4f54-8a0f-04656de0b171,c316798e-961b-47f2-aa7a-24ba2ece5186,KAB. BENGKULU TENGAH,KAB. BENGKULU TENGAH
eb109457-0be6-4ba1-9f36-962ec453840c,c316798e-961b-47f2-aa7a-24ba2ece5186,KAB. BENGKULU SELATAN,KAB. BENGKULU SELATAN
a5a7e6d8-d66e-4048-8787-5d1f7f7907f0,c316798e-961b-47f2-aa7a-24ba2ece5186,KAB. BENGKULU UTARA,KAB. BENGKULU UTARA
ff2bf0ea-a61b-443b-aafd-9c1e30094c40,c316798e-961b-47f2-aa7a-24ba2ece5186,KAB. MUKO MUKO,KAB. MUKO MUKO
218780a5-d765-4430-9488-e354415aa656,c316798e-961b-47f2-aa7a-24ba2ece5186,KAB. SELUMA,KAB. SELUMA
da7ba622-ce79-4c15-bbe2-f402e3f75564,c316798e-961b-47f2-aa7a-24ba2ece5186,KAB. KAUR,KAB. KAUR
675b2546-5fca-45b1-b395-2fe9dafe87c1,c316798e-961b-47f2-aa7a-24ba2ece5186,KAB. REJANG LEBONG,KAB. REJANG LEBONG
734ad9cb-558d-4fc4-86ae-8532a9a8333e,c316798e-961b-47f2-aa7a-24ba2ece5186,KAB. KEPAHIANG,KAB. KEPAHIANG
85cfc867-fee3-46e1-8ef5-fc6c1f67dafa,c316798e-961b-47f2-aa7a-24ba2ece5186,KAB. LEBONG,KAB. LEBONG
014522dc-f505-4f15-9768-60a5217513f5,0e31c03c-7f72-4f89-a09e-0c08f66bbb83,KOTA BANDUNG,KOTA BANDUNG
b15e939a-6d01-4e4d-8109-230b5a51ba8d,0e31c03c-7f72-4f89-a09e-0c08f66bbb83,KAB. BANDUNG,KAB. BANDUNG
1dc910f6-e8cc-40ab-b3de-82000cef825d,0e31c03c-7f72-4f89-a09e-0c08f66bbb83,KOTA CIMAHI,KOTA CIMAHI
49584d41-4a3e-48e6-b62a-38649f27e4cb,0e31c03c-7f72-4f89-a09e-0c08f66bbb83,KAB. BANDUNG BARAT,KAB. BANDUNG BARAT
5c0f50fd-a9d8-43a5-8838-e3e47bb4482f,0e31c03c-7f72-4f89-a09e-0c08f66bbb83,KAB. PURWAKARTA,KAB. PURWAKARTA
81a8a730-652b-4912-8232-e322052a92d9,0e31c03c-7f72-4f89-a09e-0c08f66bbb83,KAB. SUBANG,KAB. SUBANG
664d3a25-0a08-4191-b6e9-e151220a6030,0e31c03c-7f72-4f89-a09e-0c08f66bbb83,KAB. KARAWANG,KAB. KARAWANG
d1468bfa-bfb1-4166-aaf4-78276d1f1a0e,7c3abddf-f985-4138-8cf8-5e0471d5fbfa,KOTA SERANG,KOTA SERANG
3eb0ffbc-e4e2-458a-bc0d-99b8658fa136,7c3abddf-f985-4138-8cf8-5e0471d5fbfa,KAB. SERANG,KAB. SERANG
188dd2d3-b798-43b9-88dc-7565cdf31eb5,7c3abddf-f985-4138-8cf8-5e0471d5fbfa,KAB. PANDEGLANG,KAB. PANDEGLANG
98f67454-d881-4b33-8f42-860f5c4ce4b6,7c3abddf-f985-4138-8cf8-5e0471d5fbfa,KAB. LEBAK,KAB. LEBAK
27c6dfea-abf1-4e39-b50f-71261e9a015f,7c3abddf-f985-4138-8cf8-5e0471d5fbfa,KOTA CILEGON,KOTA CILEGON
b8b17bd1-a257-4204-99c9-6421f939d5e0,0e31c03c-7f72-4f89-a09e-0c08f66bbb83,KOTA SUKABUMI,KOTA SUKABUMI
012882bb-681a-4de2-b225-8f585c4cec39,0e31c03c-7f72-4f89-a09e-0c08f66bbb83,KAB. CIANJUR,KAB. CIANJUR
8796f174-0a70-458c-9ba2-570339ebee11,0e31c03c-7f72-4f89-a09e-0c08f66bbb83,KAB. SUKABUMI,KAB. SUKABUMI
bd958a66-40ec-46a0-abf4-d175a376be4c,0e31c03c-7f72-4f89-a09e-0c08f66bbb83,KAB. GARUT,KAB. GARUT
817ac3cb-9012-4ea6-b1b3-f9fec0172cb2,0e31c03c-7f72-4f89-a09e-0c08f66bbb83,KOTA CIREBON,KOTA CIREBON
dbb80e2d-8ae9-4781-891b-d39f6f8c0788,0e31c03c-7f72-4f89-a09e-0c08f66bbb83,KAB. INDRAMAYU,KAB. INDRAMAYU
7672d2ca-d328-4d66-88dc-b9f979d03d78,0e31c03c-7f72-4f89-a09e-0c08f66bbb83,KAB. SUMEDANG,KAB. SUMEDANG
bb6dfa59-dd70-4ef6-bddd-1cfeb7c22e00,0e31c03c-7f72-4f89-a09e-0c08f66bbb83,KAB. MAJALENGKA,KAB. MAJALENGKA
9ec8a062-142b-4eb1-8f62-fd0d52ad13af,0e31c03c-7f72-4f89-a09e-0c08f66bbb83,KAB. KUNINGAN,KAB. KUNINGAN
1b15490e-7101-4873-81f9-961b3236498a,0e31c03c-7f72-4f89-a09e-0c08f66bbb83,KAB. CIREBON,KAB. CIREBON
bb51ee1e-df5f-4e0c-8e8a-f405f6e752e7,0e31c03c-7f72-4f89-a09e-0c08f66bbb83,KOTA TASIKMALAYA,KOTA TASIKMALAYA
e5c9b570-bbe9-41c3-91e8-120ca4e2163c,0e31c03c-7f72-4f89-a09e-0c08f66bbb83,KAB. CIAMIS,KAB. CIAMIS
0322c522-97ff-4b9c-84ed-e4ba1915434f,0e31c03c-7f72-4f89-a09e-0c08f66bbb83,KOTA BANJAR,KOTA BANJAR
0e3f5d61-4637-4ce8-8c9e-a5129e53a570,0e31c03c-7f72-4f89-a09e-0c08f66bbb83,KAB. TASIKMALAYA,KAB. TASIKMALAYA
988d4f20-dd89-4142-b56b-11b701deb824,0e31c03c-7f72-4f89-a09e-0c08f66bbb83,KAB. PANGANDARAN,KAB. PANGANDARAN
a6dc4919-a7e0-43bf-b707-62cd4ed79723,b1be0508-bbe5-4a2d-a3c5-8ab60f6ada01,KOTA SEMARANG,KOTA SEMARANG
63363abf-30f7-49a7-9bec-2fac0e9c1598,b1be0508-bbe5-4a2d-a3c5-8ab60f6ada01,KAB. SEMARANG,KAB. SEMARANG
eec7683a-5fe4-41a7-927b-b57a2bcad324,b1be0508-bbe5-4a2d-a3c5-8ab60f6ada01,KOTA SALATIGA,KOTA SALATIGA
9e27c10b-cdac-4c68-9ce6-3f7f505a5c68,b1be0508-bbe5-4a2d-a3c5-8ab60f6ada01,KOTA PEKALONGAN,KOTA PEKALONGAN
1b8b3bef-e5b1-4e01-997f-24eb290cd42e,b1be0508-bbe5-4a2d-a3c5-8ab60f6ada01,KAB. PEKALONGAN,KAB. PEKALONGAN
14ebb88a-f9d1-446d-b57c-3a58d7a1ca99,b1be0508-bbe5-4a2d-a3c5-8ab60f6ada01,KAB. BATANG,KAB. BATANG
096bc3fc-db6c-45d2-8c19-e32bf6c3626f,b1be0508-bbe5-4a2d-a3c5-8ab60f6ada01,KAB. KENDAL,KAB. KENDAL
b0b6b839-9f33-4cbd-9548-bd214455f56e,b1be0508-bbe5-4a2d-a3c5-8ab60f6ada01,KOTA TEGAL,KOTA TEGAL
36b048f2-bc6e-44eb-a66c-2499f98ccdf6,b1be0508-bbe5-4a2d-a3c5-8ab60f6ada01,KAB. BREBES,KAB. BREBES
13f1bae1-02a8-4b55-bf36-bcdddc8d8cee,b1be0508-bbe5-4a2d-a3c5-8ab60f6ada01,KAB. PEMALANG,KAB. PEMALANG
e74f0658-f7b1-46d2-aaed-f4faedc52caa,b1be0508-bbe5-4a2d-a3c5-8ab60f6ada01,KAB. TEGAL,KAB. TEGAL
7dcb92e3-7bed-4147-9442-8b2ca3d95975,b1be0508-bbe5-4a2d-a3c5-8ab60f6ada01,KAB. BANYUMAS,KAB. BANYUMAS
7caa11c9-1e86-47a1-836d-faddeee643df,b1be0508-bbe5-4a2d-a3c5-8ab60f6ada01,KAB. CILACAP,KAB. CILACAP
c89586ea-ebe6-43c1-b1e1-b86e5d73e32b,b1be0508-bbe5-4a2d-a3c5-8ab60f6ada01,KAB. PURBALINGGA,KAB. PURBALINGGA
571c3037-37b9-4692-8a0f-7b5ecdb3ca30,b1be0508-bbe5-4a2d-a3c5-8ab60f6ada01,KAB. BANJARNEGARA,KAB. BANJARNEGARA
d072ebcf-5502-4384-b54f-0e01a92bd6fb,b1be0508-bbe5-4a2d-a3c5-8ab60f6ada01,KAB. PURWOREJO,KAB. PURWOREJO
88c07cfc-6746-4649-8b2d-c760b3095178,b1be0508-bbe5-4a2d-a3c5-8ab60f6ada01,KAB. KEBUMEN,KAB. KEBUMEN
10b1eaa8-757d-4e64-869a-abf9cc78d5da,90fc78d3-af85-4204-bca5-972b871eef62,KOTA YOGYAKARTA,KOTA YOGYAKARTA
15bdb962-d130-470b-9eb9-dea85f01fd76,90fc78d3-af85-4204-bca5-972b871eef62,KAB. SLEMAN,KAB. SLEMAN
c8a3bd12-e613-4d08-ba69-e2dcb9f34b9f,90fc78d3-af85-4204-bca5-972b871eef62,KAB. KULON PROGO,KAB. KULON PROGO
2e8a4358-78f8-4f74-925d-9a1c5bf5cfda,90fc78d3-af85-4204-bca5-972b871eef62,KAB. BANTUL,KAB. BANTUL
0e02416a-b030-4a8a-b8c3-aac640851602,90fc78d3-af85-4204-bca5-972b871eef62,KAB. GUNUNG KIDUL,KAB. GUNUNG KIDUL
a960ed2e-6be9-4be7-b05b-42aa79a53576,b1be0508-bbe5-4a2d-a3c5-8ab60f6ada01,KOTA MAGELANG,KOTA MAGELANG
31572076-883b-4ec5-84a2-8af22ccf00c1,b1be0508-bbe5-4a2d-a3c5-8ab60f6ada01,KAB. TEMANGGUNG,KAB. TEMANGGUNG
ae917e25-a025-4aec-96b6-78cadd3610ac,b1be0508-bbe5-4a2d-a3c5-8ab60f6ada01,KAB. WONOSOBO,KAB. WONOSOBO
e096ddd4-74ed-43c2-9ee7-27d4ead34813,b1be0508-bbe5-4a2d-a3c5-8ab60f6ada01,KAB. MAGELANG,KAB. MAGELANG
f3b144f6-b51e-466c-8ff0-a11b13657ed0,b1be0508-bbe5-4a2d-a3c5-8ab60f6ada01,KOTA SURAKARTA,KOTA SURAKARTA
0eff5ec7-4860-4b03-982b-5db8ab462380,b1be0508-bbe5-4a2d-a3c5-8ab60f6ada01,KAB. SRAGEN,KAB. SRAGEN
363b937c-bb46-4b3d-9520-f365992b95ec,b1be0508-bbe5-4a2d-a3c5-8ab60f6ada01,KAB. BOYOLALI,KAB. BOYOLALI
c762e285-c09e-4937-8710-c5d142bafcc8,b1be0508-bbe5-4a2d-a3c5-8ab60f6ada01,KAB. KLATEN,KAB. KLATEN
875870a6-c25e-442b-b9ef-78aa30d372d8,b1be0508-bbe5-4a2d-a3c5-8ab60f6ada01,KAB. SUKOHARJO,KAB. SUKOHARJO
4dc43f55-f78a-4e13-84dc-4ca8a66c8488,b1be0508-bbe5-4a2d-a3c5-8ab60f6ada01,KAB. WONOGIRI,KAB. WONOGIRI
8940ba27-f0be-4647-9112-277e8be56ec2,b1be0508-bbe5-4a2d-a3c5-8ab60f6ada01,KAB. KARANGANYAR,KAB. KARANGANYAR
1d7603f9-95a5-43e8-a7e0-909a28ea4183,b1be0508-bbe5-4a2d-a3c5-8ab60f6ada01,KAB. GROBOGAN,KAB. GROBOGAN
5ee50676-f636-4d8d-b01c-5c67459c58a5,b1be0508-bbe5-4a2d-a3c5-8ab60f6ada01,KAB. BLORA,KAB. BLORA
3a29d7fd-a275-45fa-b3d9-cb112dd7db12,b1be0508-bbe5-4a2d-a3c5-8ab60f6ada01,KAB. PATI,KAB. PATI
d698831b-3518-47b8-ba72-d131594de609,b1be0508-bbe5-4a2d-a3c5-8ab60f6ada01,KAB. REMBANG,KAB. REMBANG
d8103399-b03a-4763-ad3e-39aa322950a9,b1be0508-bbe5-4a2d-a3c5-8ab60f6ada01,KAB. KUDUS,KAB. KUDUS
4f876894-eec7-4dd2-95be-d30ce02ea651,b1be0508-bbe5-4a2d-a3c5-8ab60f6ada01,KAB. JEPARA,KAB. JEPARA
6022f205-9795-48ed-b93e-63e74c03fb44,b1be0508-bbe5-4a2d-a3c5-8ab60f6ada01,KAB. DEMAK,KAB. DEMAK
35fb98cb-50e1-459d-81ab-96827b342eeb,2acdf9a5-faa8-48b8-8a22-c63d4cc40eff,KOTA SURABAYA,KOTA SURABAYA
acfd81ff-c1f1-43ee-8617-4dfef3766dfe,2acdf9a5-faa8-48b8-8a22-c63d4cc40eff,KAB. GRESIK,KAB. GRESIK
a6961f69-9dcc-4638-b8f5-668eb74d5cde,2acdf9a5-faa8-48b8-8a22-c63d4cc40eff,KAB. SIDOARJO,KAB. SIDOARJO
63ed11b4-245f-4360-b92d-d8194809ed94,2acdf9a5-faa8-48b8-8a22-c63d4cc40eff,KOTA MOJOKERTO,KOTA MOJOKERTO
3f534875-1e77-4e8a-b238-f097dd4e3591,2acdf9a5-faa8-48b8-8a22-c63d4cc40eff,KAB. MOJOKERTO,KAB. MOJOKERTO
ad7b9d12-b2d0-4600-aff6-b59384eaa400,2acdf9a5-faa8-48b8-8a22-c63d4cc40eff,KAB. JOMBANG,KAB. JOMBANG
a8953639-e43c-4d1e-a007-cc641c67e60c,2acdf9a5-faa8-48b8-8a22-c63d4cc40eff,KAB. BOJONEGORO,KAB. BOJONEGORO
409a33f5-70d3-45a5-a81a-ec7bf823c682,2acdf9a5-faa8-48b8-8a22-c63d4cc40eff,KAB. LAMONGAN,KAB. LAMONGAN
a3c49d2c-b071-4613-83bb-e8783b3dbd19,2acdf9a5-faa8-48b8-8a22-c63d4cc40eff,KAB. TUBAN,KAB. TUBAN
60594852-5156-4b27-bc10-bd966567f4af,2acdf9a5-faa8-48b8-8a22-c63d4cc40eff,KOTA MADIUN,KOTA MADIUN
61246857-939c-450f-a1f1-621bf27c3695,2acdf9a5-faa8-48b8-8a22-c63d4cc40eff,KAB. MADIUN,KAB. MADIUN
80c09e9e-6904-48d2-97e1-673034d7e516,2acdf9a5-faa8-48b8-8a22-c63d4cc40eff,KAB. NGAWI,KAB. NGAWI
96875cb1-ba86-48a5-b384-e94280a39a5a,2acdf9a5-faa8-48b8-8a22-c63d4cc40eff,KAB. MAGETAN,KAB. MAGETAN
e3d0c29d-5dd3-4925-a523-a8efd51e0bf6,2acdf9a5-faa8-48b8-8a22-c63d4cc40eff,KAB. PONOROGO,KAB. PONOROGO
faaf8a04-1c0d-4216-a61e-e563f3dc1650,2acdf9a5-faa8-48b8-8a22-c63d4cc40eff,KAB. PACITAN,KAB. PACITAN
125d6365-f2f1-4afe-bbf6-72b2af48286f,2acdf9a5-faa8-48b8-8a22-c63d4cc40eff,KOTA KEDIRI,KOTA KEDIRI
917b23c9-ffd6-4287-ad07-229f77dd3c9f,2acdf9a5-faa8-48b8-8a22-c63d4cc40eff,KAB. KEDIRI,KAB. KEDIRI
2d921685-a5b9-4590-9988-1e721cd05f52,2acdf9a5-faa8-48b8-8a22-c63d4cc40eff,KAB. NGANJUK,KAB. NGANJUK
4999772e-6bfa-4680-9cbd-60b109fa4ad8,2acdf9a5-faa8-48b8-8a22-c63d4cc40eff,KOTA MALANG,KOTA MALANG
3093881c-a76d-4685-af11-ccf0cf4d204b,2acdf9a5-faa8-48b8-8a22-c63d4cc40eff,KAB. MALANG,KAB. MALANG
cfce0085-cd15-420d-a2d5-5908bf11882a,2acdf9a5-faa8-48b8-8a22-c63d4cc40eff,KOTA BATU,KOTA BATU
c759c1db-a339-41cd-a8e0-5d6599ee6bac,2acdf9a5-faa8-48b8-8a22-c63d4cc40eff,KOTA BLITAR,KOTA BLITAR
88ff6627-e92b-4605-9158-d0e1ef77bb07,2acdf9a5-faa8-48b8-8a22-c63d4cc40eff,KAB. BLITAR,KAB. BLITAR
226f1325-e29d-4c7e-b919-ff40a8aee514,2acdf9a5-faa8-48b8-8a22-c63d4cc40eff,KAB. TULUNGAGUNG,KAB. TULUNGAGUNG
8854f7cf-5c5d-4269-95d4-34abcf954b6c,2acdf9a5-faa8-48b8-8a22-c63d4cc40eff,KAB. TRENGGALEK,KAB. TRENGGALEK
0bfb5937-5a4f-4772-94cc-08e5239d9900,2acdf9a5-faa8-48b8-8a22-c63d4cc40eff,KOTA PASURUAN,KOTA PASURUAN
0883af7f-2cee-4d71-a0e8-f19042b00edd,2acdf9a5-faa8-48b8-8a22-c63d4cc40eff,KAB. PASURUAN,KAB. PASURUAN
32e33fbc-fcd2-453f-a1dc-602da3e09207,2acdf9a5-faa8-48b8-8a22-c63d4cc40eff,KOTA PROBOLINGGO,KOTA PROBOLINGGO
674d128b-b35c-4dce-bd12-8bad9e972a58,2acdf9a5-faa8-48b8-8a22-c63d4cc40eff,KAB. PROBOLINGGO,KAB. PROBOLINGGO
6a558713-79e0-4bcd-af0b-af4a2143686b,2acdf9a5-faa8-48b8-8a22-c63d4cc40eff,KAB. LUMAJANG,KAB. LUMAJANG
993aaf88-d0ee-444b-bf48-01af9bc9836a,2acdf9a5-faa8-48b8-8a22-c63d4cc40eff,KAB. JEMBER,KAB. JEMBER
f68dfb57-07fb-4c0e-94a1-02e03d9ec6f7,2acdf9a5-faa8-48b8-8a22-c63d4cc40eff,KAB. BONDOWOSO,KAB. BONDOWOSO
f99eee35-40f5-43c8-a615-f4119d8e4670,2acdf9a5-faa8-48b8-8a22-c63d4cc40eff,KAB. SITUBONDO,KAB. SITUBONDO
657d8779-7f52-4620-b6e7-86dd4a1d517f,2acdf9a5-faa8-48b8-8a22-c63d4cc40eff,KAB. BANYUWANGI,KAB. BANYUWANGI
500335b6-0f8a-4f07-b65f-5659e003e2b9,2acdf9a5-faa8-48b8-8a22-c63d4cc40eff,KAB. BANGKALAN,KAB. BANGKALAN
54bcf903-d2ab-48ff-b61b-20a3022febf5,2acdf9a5-faa8-48b8-8a22-c63d4cc40eff,KAB. SAMPANG,KAB. SAMPANG
82bedf5d-1c3f-49e2-b19d-8c99def24814,2acdf9a5-faa8-48b8-8a22-c63d4cc40eff,KAB. PAMEKASAN,KAB. PAMEKASAN
fce92d33-9e1a-46a7-9458-7eec747a3d1f,2acdf9a5-faa8-48b8-8a22-c63d4cc40eff,KAB. SUMENEP,KAB. SUMENEP
2425fc17-d6a9-447c-bb79-4258e778b099,12dfc9e7-17e0-4ab0-b0a2-7bdb90056cdd,KOTA BANJARMASIN,KOTA BANJARMASIN
f11b26e1-6513-4313-a816-19a58e758e3e,12dfc9e7-17e0-4ab0-b0a2-7bdb90056cdd,KAB. BARITO KUALA,KAB. BARITO KUALA
30edc800-99d2-49d6-bd79-da57bfb6bd73,12dfc9e7-17e0-4ab0-b0a2-7bdb90056cdd,KAB. BANJAR,KAB. BANJAR
9b3eb936-83d1-4efb-9d34-15b6cbb25691,12dfc9e7-17e0-4ab0-b0a2-7bdb90056cdd,KOTA BANJARBARU,KOTA BANJARBARU
62110039-def1-4011-b205-916d1d6dabd3,12dfc9e7-17e0-4ab0-b0a2-7bdb90056cdd,KAB. TANAH LAUT,KAB. TANAH LAUT
ad6c208d-bf1b-4ef1-a479-29b82bbff1ee,12dfc9e7-17e0-4ab0-b0a2-7bdb90056cdd,KAB. TAPIN,KAB. TAPIN
e53d34e1-603f-4e38-9fba-c63626603422,12dfc9e7-17e0-4ab0-b0a2-7bdb90056cdd,KAB. HULU SUNGAI SELATAN,KAB. HULU SUNGAI SELATAN
731ef1a6-6494-47aa-b6be-36723fb8d12b,12dfc9e7-17e0-4ab0-b0a2-7bdb90056cdd,KAB. HULU SUNGAI TENGAH,KAB. HULU SUNGAI TENGAH
7320e92f-133d-4b28-82d6-d9cc544169d2,12dfc9e7-17e0-4ab0-b0a2-7bdb90056cdd,KAB. HULU SUNGAI UTARA,KAB. HULU SUNGAI UTARA
81c43d07-432a-422c-9c0d-05f56f096a96,12dfc9e7-17e0-4ab0-b0a2-7bdb90056cdd,KAB. TABALONG,KAB. TABALONG
fa1de6f8-52a9-4e32-912a-013f57d94e06,12dfc9e7-17e0-4ab0-b0a2-7bdb90056cdd,KAB. BALANGAN,KAB. BALANGAN
cd101a61-81dd-4221-94a7-c0101244922a,12dfc9e7-17e0-4ab0-b0a2-7bdb90056cdd,KAB. KOTABARU,KAB. KOTABARU
7af259bb-44a3-476e-8f87-404c137a8cb3,12dfc9e7-17e0-4ab0-b0a2-7bdb90056cdd,KAB. TANAH BUMBU,KAB. TANAH BUMBU
2075eb57-c135-405e-8c85-fb07686c4e84,834a62b2-e90b-476b-9982-2801fe2aaffc,KOTA PALANGKARAYA,KOTA PALANGKARAYA
46ea0518-9ffb-4094-a88c-62dd9b748d75,834a62b2-e90b-476b-9982-2801fe2aaffc,KAB. KAPUAS,KAB. KAPUAS
2cc3d7a3-0d42-4454-baef-20ad7b802a6e,834a62b2-e90b-476b-9982-2801fe2aaffc,KAB. BARITO TIMUR,KAB. BARITO TIMUR
38412c17-4315-4a86-85cd-1c296cd335c5,834a62b2-e90b-476b-9982-2801fe2aaffc,KAB. BARITO SELATAN,KAB. BARITO SELATAN
425e4d90-3001-4d7e-b790-747eb620b5b5,834a62b2-e90b-476b-9982-2801fe2aaffc,KAB. BARITO UTARA,KAB. BARITO UTARA
8ae63bcc-9d4f-4e9b-9fa5-6d8ae952c441,834a62b2-e90b-476b-9982-2801fe2aaffc,KAB. MURUNG RAYA,KAB. MURUNG RAYA
cea86be7-fea1-4fed-a6ba-1d8a12bcd11c,834a62b2-e90b-476b-9982-2801fe2aaffc,KAB. KOTAWARINGIN BARAT,KAB. KOTAWARINGIN BARAT
8f645e54-972e-4353-8369-8dc65ed20e71,834a62b2-e90b-476b-9982-2801fe2aaffc,KAB. SERUYAN,KAB. SERUYAN
1158a1dc-94b1-44cb-b3c8-6bb5306ae769,834a62b2-e90b-476b-9982-2801fe2aaffc,KAB. KOTAWARINGIN TIMUR,KAB. KOTAWARINGIN TIMUR
1ce2ff79-914d-414f-8631-cbea2530cb83,834a62b2-e90b-476b-9982-2801fe2aaffc,KAB. KATINGAN,KAB. KATINGAN
7034f960-7140-49e8-945b-9174e9375112,834a62b2-e90b-476b-9982-2801fe2aaffc,KAB. SUKAMARA,KAB. SUKAMARA
93c4dacd-c974-40ae-af99-7c841cb4ae95,834a62b2-e90b-476b-9982-2801fe2aaffc,KAB. GUNUNG MAS,KAB. GUNUNG MAS
e4626cab-1e90-4d69-92ac-b7c960bf790d,834a62b2-e90b-476b-9982-2801fe2aaffc,KAB. LAMANDAU,KAB. LAMANDAU
837bd78b-0342-404b-976f-4aa6e10280e0,834a62b2-e90b-476b-9982-2801fe2aaffc,KAB. PULANG PISAU,KAB. PULANG PISAU
9fabb78b-a59f-40a1-82da-44b5498c8d2d,c64a706a-5ced-4216-b4a4-ff996c1e46a0,KOTA SAMARINDA,KOTA SAMARINDA
88cbc325-84a4-4580-9994-b4593af8c074,c64a706a-5ced-4216-b4a4-ff996c1e46a0,KOTA BONTANG,KOTA BONTANG
8007b0c6-e73a-4af2-b3d0-7d45e7d3ed4f,c64a706a-5ced-4216-b4a4-ff996c1e46a0,KAB. KUTAI KARTANEGARA,KAB. KUTAI KARTANEGARA
eb16047e-ada8-491c-b9ac-0be862394b44,c64a706a-5ced-4216-b4a4-ff996c1e46a0,KAB. KUTAI TIMUR,KAB. KUTAI TIMUR
a66a90cd-0310-4faf-aaa6-0368cbcc70d4,c64a706a-5ced-4216-b4a4-ff996c1e46a0,KAB. KUTAI BARAT,KAB. KUTAI BARAT
be173607-d73a-44ee-9feb-0ff8145b8398,c64a706a-5ced-4216-b4a4-ff996c1e46a0,KAB. MAHAKAM ULU,KAB. MAHAKAM ULU
4a4a58e4-56e1-4c24-8aec-0b1b600fdb84,c64a706a-5ced-4216-b4a4-ff996c1e46a0,KOTA BALIKPAPAN,KOTA BALIKPAPAN
2b91e5ce-fb70-42f1-bddc-9a63e71fd5e7,c64a706a-5ced-4216-b4a4-ff996c1e46a0,KAB. PASER,KAB. PASER
d0377e19-f9b6-4492-ae59-504393776b09,c64a706a-5ced-4216-b4a4-ff996c1e46a0,KAB. PENAJAM PASER UTARA,KAB. PENAJAM PASER UTARA
45c4409f-f8f3-4753-abac-ce5bc702ba8a,a059b653-1925-4688-a175-ae00c2de5639,KOTA TARAKAN,KOTA TARAKAN
407bbb95-84e3-4031-ac1c-9d16b0969e38,a059b653-1925-4688-a175-ae00c2de5639,KAB. BULUNGAN,KAB. BULUNGAN
c2be7203-c483-4a59-9762-200877f477da,c64a706a-5ced-4216-b4a4-ff996c1e46a0,KAB. BERAU,KAB. BERAU
e7bc997c-6129-4915-aaf0-415b9e9bcafe,a059b653-1925-4688-a175-ae00c2de5639,KAB. NUNUKAN,KAB. NUNUKAN
ef64424d-4df0-4f08-89e9-a736cb6e1224,a059b653-1925-4688-a175-ae00c2de5639,KAB. MALINAU,KAB. MALINAU
d04d7194-158f-4a19-aeb0-1d10e91b07c8,a059b653-1925-4688-a175-ae00c2de5639,KAB. TANA TIDUNG,KAB. TANA TIDUNG
5636341b-4a50-42fa-88d0-7c4c3b0cb09a,c7ce5f43-643e-4bb8-a90b-824449b8ed39,KOTA PONTIANAK,KOTA PONTIANAK
e340e263-d08b-45f0-9ab5-c59b83ef97b1,c7ce5f43-643e-4bb8-a90b-824449b8ed39,KAB. KUBU RAYA,KAB. KUBU RAYA
a74223e1-6e3c-4804-9c49-87b1d4647196,c7ce5f43-643e-4bb8-a90b-824449b8ed39,KAB. SANGGAU,KAB. SANGGAU
b17b6b01-a74b-49ea-b69a-d5ed45df2fe8,c7ce5f43-643e-4bb8-a90b-824449b8ed39,KAB. SINTANG,KAB. SINTANG
fb8dad5e-c3c0-41ad-b3a9-bcc2195f1fe3,c7ce5f43-643e-4bb8-a90b-824449b8ed39,KAB. KAPUAS HULU,KAB. KAPUAS HULU
20dc59d9-b7e3-42e5-b486-099f5feef0eb,c7ce5f43-643e-4bb8-a90b-824449b8ed39,KAB. KETAPANG,KAB. KETAPANG
9b47a1c8-18d9-4343-bda7-f3c2342377ac,c7ce5f43-643e-4bb8-a90b-824449b8ed39,KAB. KAYONG UTARA,KAB. KAYONG UTARA
c08dc8b8-21ad-4426-b699-1c605496c094,c7ce5f43-643e-4bb8-a90b-824449b8ed39,KAB. MEMPAWAH,KAB. MEMPAWAH
27726448-1ae1-4914-9456-a2f3fc3958a4,c7ce5f43-643e-4bb8-a90b-824449b8ed39,KOTA SINGKAWANG,KOTA SINGKAWANG
22f9d7b3-b200-471f-8be5-54bebe85eb91,c7ce5f43-643e-4bb8-a90b-824449b8ed39,KAB. BENGKAYANG,KAB. BENGKAYANG
74e773a6-a0f0-48f6-aba4-6962b30c5999,c7ce5f43-643e-4bb8-a90b-824449b8ed39,KAB. LANDAK,KAB. LANDAK
294d3f9f-8cbf-417d-9eca-ca30bef8f742,c7ce5f43-643e-4bb8-a90b-824449b8ed39,KAB. SAMBAS,KAB. SAMBAS
4edbf642-e0a3-4d7c-b0e8-dd8594f39b7a,c7ce5f43-643e-4bb8-a90b-824449b8ed39,KAB. SEKADAU,KAB. SEKADAU
71c9e8e9-9bf6-4bea-9098-ddd9b223e021,c7ce5f43-643e-4bb8-a90b-824449b8ed39,KAB. MELAWI,KAB. MELAWI
164618d0-2c6b-4e14-b9e7-24922f0b6f22,5d65c742-b2d4-43b4-8ca1-0cd5c53f6a10,KOTA DENPASAR,KOTA DENPASAR
d5814365-21a6-4094-b0d2-a2ae588deb37,5d65c742-b2d4-43b4-8ca1-0cd5c53f6a10,KAB. BADUNG,KAB. BADUNG
896c60af-bd28-496b-97c5-c01c60cf9ecb,5d65c742-b2d4-43b4-8ca1-0cd5c53f6a10,KAB. GIANYAR,KAB. GIANYAR
b1e22f08-760f-403d-b2b9-9d17378056e7,5d65c742-b2d4-43b4-8ca1-0cd5c53f6a10,KAB. BANGLI,KAB. BANGLI
55fb3ff7-c319-4e08-b08a-c3ccc6e1098c,5d65c742-b2d4-43b4-8ca1-0cd5c53f6a10,KAB. KLUNGKUNG,KAB. KLUNGKUNG
28f5c4a5-ad81-4405-a3a6-289b6f38a37e,5d65c742-b2d4-43b4-8ca1-0cd5c53f6a10,KAB. KARANGASEM,KAB. KARANGASEM
2d295aae-245f-4d9e-805a-1bebd5d548a1,5d65c742-b2d4-43b4-8ca1-0cd5c53f6a10,KAB. BULELENG,KAB. BULELENG
b3da6c55-980a-46ca-ab71-8732f8fcbdd8,5d65c742-b2d4-43b4-8ca1-0cd5c53f6a10,KAB. TABANAN,KAB. TABANAN
0929883a-f5a9-47a4-b28a-2e26c2b04b2f,5d65c742-b2d4-43b4-8ca1-0cd5c53f6a10,KAB. JEMBRANA,KAB. JEMBRANA
174e0d4d-5b79-4ae1-85ae-de14473d6b59,30692a8b-90f6-4afb-af51-aaa4472d56e4,KOTA MATARAM,KOTA MATARAM
053aa589-9aa1-41b2-a4be-04ac9b8dd3fd,30692a8b-90f6-4afb-af51-aaa4472d56e4,KAB. LOMBOK BARAT,KAB. LOMBOK BARAT
e31b79a7-4b61-4871-adda-c2eb77ab4e07,30692a8b-90f6-4afb-af51-aaa4472d56e4,KAB. LOMBOK TENGAH,KAB. LOMBOK TENGAH
55e03bc9-9412-47be-80f1-9f1e0cd0e467,30692a8b-90f6-4afb-af51-aaa4472d56e4,KAB. LOMBOK TIMUR,KAB. LOMBOK TIMUR
82dbc492-2771-4986-a66c-99a77d3bace3,30692a8b-90f6-4afb-af51-aaa4472d56e4,KAB. LOMBOK UTARA,KAB. LOMBOK UTARA
ee6dc8ff-05b7-4527-8713-3c94de0e6bc9,30692a8b-90f6-4afb-af51-aaa4472d56e4,KOTA BIMA,KOTA BIMA
a5e07261-8b19-41d6-b9ed-19ab551b3b93,30692a8b-90f6-4afb-af51-aaa4472d56e4,KAB. BIMA,KAB. BIMA
9d13c441-d632-4ccd-aa2f-1077db1cb878,30692a8b-90f6-4afb-af51-aaa4472d56e4,KAB. DOMPU,KAB. DOMPU
24bcca83-4609-4248-8fb3-e9df851f05f6,30692a8b-90f6-4afb-af51-aaa4472d56e4,KAB. SUMBAWA,KAB. SUMBAWA
3c72b50c-18a9-45d6-9449-2e702dd459f7,30692a8b-90f6-4afb-af51-aaa4472d56e4,KAB. SUMBAWA BARAT,KAB. SUMBAWA BARAT
05eb9716-4948-42ae-8d16-5450ff4df68d,7ea9d9c3-d16d-4f2d-9810-01b9989a84a5,KOTA KUPANG,KOTA KUPANG
bdef5c83-58ce-4b3f-994f-af2778312fa8,7ea9d9c3-d16d-4f2d-9810-01b9989a84a5,KAB. KUPANG,KAB. KUPANG
5d6e4c83-2a5c-4d6d-90e9-e84c6ad4931e,7ea9d9c3-d16d-4f2d-9810-01b9989a84a5,KAB. SABU RAIJUA,KAB. SABU RAIJUA
7ac7654c-af4d-4d97-b3cf-5ec94b6d2909,7ea9d9c3-d16d-4f2d-9810-01b9989a84a5,KAB. TIMOR TENGAH SELATAN,KAB. TIMOR TENGAH SELATAN
e8824870-fa46-490e-9727-7a914e5669f1,7ea9d9c3-d16d-4f2d-9810-01b9989a84a5,KAB. TIMOR TENGAH UTARA,KAB. TIMOR TENGAH UTARA
5cf827a8-c00e-4ed8-9b45-a22fdc2007f4,7ea9d9c3-d16d-4f2d-9810-01b9989a84a5,KAB. BELU,KAB. BELU
9f4bdedc-557a-484a-b133-060cf68c5999,7ea9d9c3-d16d-4f2d-9810-01b9989a84a5,KAB. MALAKA,KAB. MALAKA
ca0625d3-53dd-4f3d-9fcc-237ab4085172,7ea9d9c3-d16d-4f2d-9810-01b9989a84a5,KAB. ALOR,KAB. ALOR
7e394f73-0d14-4993-91d4-586ffa82b0f7,7ea9d9c3-d16d-4f2d-9810-01b9989a84a5,KAB. ROTE NDAO,KAB. ROTE NDAO
2b6fc4bc-77c7-45ff-b701-74ffee797891,7ea9d9c3-d16d-4f2d-9810-01b9989a84a5,KAB. SIKKA,KAB. SIKKA
f8b4b13c-c07a-4535-839e-daea6eab6b71,7ea9d9c3-d16d-4f2d-9810-01b9989a84a5,KAB. FLORES TIMUR,KAB. FLORES TIMUR
77d8eabb-271f-4120-b728-d2b89fa261e5,7ea9d9c3-d16d-4f2d-9810-01b9989a84a5,KAB. ENDE,KAB. ENDE
6e4cbc98-f551-41e5-9c1e-7932cfa4fac5,7ea9d9c3-d16d-4f2d-9810-01b9989a84a5,KAB. NGADA,KAB. NGADA
bcfef258-e1fe-45fc-b21a-8d5d05724536,7ea9d9c3-d16d-4f2d-9810-01b9989a84a5,KAB. MANGGARAI,KAB. MANGGARAI
7cc4bf80-db26-49d7-8208-d7ce68f2be06,7ea9d9c3-d16d-4f2d-9810-01b9989a84a5,KAB. LEMBATA,KAB. LEMBATA
a3a38f64-dd53-4156-8d86-04c1e515c3ce,7ea9d9c3-d16d-4f2d-9810-01b9989a84a5,KAB. MANGGARAI BARAT,KAB. MANGGARAI BARAT
eb3f8ef7-803e-4c29-baed-55d74ae4d75b,7ea9d9c3-d16d-4f2d-9810-01b9989a84a5,KAB. MANGGARAI TIMUR,KAB. MANGGARAI TIMUR
f8698148-82fa-4099-aeb1-7b03fad60bfc,7ea9d9c3-d16d-4f2d-9810-01b9989a84a5,KAB. NAGEKEO,KAB. NAGEKEO
3fdcb195-5032-43a4-b28e-33882a5b8d83,7ea9d9c3-d16d-4f2d-9810-01b9989a84a5,KAB. SUMBA TIMUR,KAB. SUMBA TIMUR
84dfdd4c-0ce9-4053-9df0-95902cddcc73,7ea9d9c3-d16d-4f2d-9810-01b9989a84a5,KAB. SUMBA BARAT,KAB. SUMBA BARAT
5de63194-e9bd-4331-a599-8f39a079feb8,7ea9d9c3-d16d-4f2d-9810-01b9989a84a5,KAB. SUMBA TENGAH,KAB. SUMBA TENGAH
8b4a7227-0937-4f89-8fa6-3d8e7b5a9b79,7ea9d9c3-d16d-4f2d-9810-01b9989a84a5,KAB. SUMBA BARAT DAYA,KAB. SUMBA BARAT DAYA
ec8743de-d928-49f9-85c6-927211af0dd8,c5693006-1eb6-465d-8bb8-1f23d21f1738,KOTA MAKASSAR,KOTA MAKASSAR
6311c050-ab8c-4974-8127-8321327ac74e,c5693006-1eb6-465d-8bb8-1f23d21f1738,KAB. MAROS,KAB. MAROS
91b906b7-07cb-48d2-91c2-7475038e19c3,c5693006-1eb6-465d-8bb8-1f23d21f1738,KAB. PANGKAJENE KEPULAUAN,KAB. PANGKAJENE KEPULAUAN
7e8fad8c-ee81-4f3d-8752-9f9cf0d054ff,c5693006-1eb6-465d-8bb8-1f23d21f1738,KAB. BARRU,KAB. BARRU
e60a749b-d85c-4cd1-b3ee-e029c4a3853d,c5693006-1eb6-465d-8bb8-1f23d21f1738,KAB. SOPPENG,KAB. SOPPENG
25bfdb47-63b4-4d32-9dd3-5a897abd017c,c5693006-1eb6-465d-8bb8-1f23d21f1738,KAB. WAJO,KAB. WAJO
99c242cc-3de3-4cf1-8fa4-45843aaa2ff3,c5693006-1eb6-465d-8bb8-1f23d21f1738,KOTA PARE PARE,KOTA PARE PARE
52d96cc6-dbc1-4645-bfcb-45e04aa403f7,c5693006-1eb6-465d-8bb8-1f23d21f1738,KAB. PINRANG,KAB. PINRANG
5806322a-ce01-4bd8-a3b4-c67674bf7b42,b1c613a6-ae7e-4d2c-b377-1aab7f5c9375,KAB. POLEWALI MANDAR,KAB. POLEWALI MANDAR
72ab0b48-32d8-45bf-b993-e4740808a4ff,b1c613a6-ae7e-4d2c-b377-1aab7f5c9375,KAB. MAMASA,KAB. MAMASA
ca2aab9e-affb-4a1e-a405-a0031f544ce2,b1c613a6-ae7e-4d2c-b377-1aab7f5c9375,KAB. MAJENE,KAB. MAJENE
85b1c06c-a099-4ee6-a65f-c16676c176e1,b1c613a6-ae7e-4d2c-b377-1aab7f5c9375,KAB. MAMUJU,KAB. MAMUJU
e765fb48-e03f-4cab-ad26-8404eb09841f,b1c613a6-ae7e-4d2c-b377-1aab7f5c9375,KAB. MAMUJU TENGAH,KAB. MAMUJU TENGAH
ce4ec14a-491a-449b-bae7-a40e49aab92f,b1c613a6-ae7e-4d2c-b377-1aab7f5c9375,KAB. MAMUJU UTARA,KAB. MAMUJU UTARA
43acc3e2-4fdf-4295-9935-803b98e1d494,c5693006-1eb6-465d-8bb8-1f23d21f1738,KAB. SIDENRENG RAPPANG,KAB. SIDENRENG RAPPANG
269648c2-c896-4365-a714-cc1912e0d21c,c5693006-1eb6-465d-8bb8-1f23d21f1738,KAB. ENREKANG,KAB. ENREKANG
6f5a5d96-2e87-4fc9-8778-1ba592933097,c5693006-1eb6-465d-8bb8-1f23d21f1738,KAB. TANA TORAJA,KAB. TANA TORAJA
3dd7e55c-a2d9-4562-a64a-ab9e3c2825a3,c5693006-1eb6-465d-8bb8-1f23d21f1738,KAB. TORAJA UTARA,KAB. TORAJA UTARA
80e0c9ff-5ae6-41e6-89fa-5ecc9464ec91,c5693006-1eb6-465d-8bb8-1f23d21f1738,KOTA PALOPO,KOTA PALOPO
845de9d3-4dda-4c99-9b35-7e6382496a9f,c5693006-1eb6-465d-8bb8-1f23d21f1738,KAB. LUWU,KAB. LUWU
fb7bffb8-2c6b-442e-8d76-baf211e2a93c,c5693006-1eb6-465d-8bb8-1f23d21f1738,KAB. GOWA,KAB. GOWA
601127aa-18c0-474b-9dd6-f6ff7b6c6bc1,c5693006-1eb6-465d-8bb8-1f23d21f1738,KAB. TAKALAR,KAB. TAKALAR
eb3e5328-6865-462b-997d-242e3587f002,c5693006-1eb6-465d-8bb8-1f23d21f1738,KAB. JENEPONTO,KAB. JENEPONTO
68c5be2a-51f7-4749-91f0-6bf2d1d4cb2d,c5693006-1eb6-465d-8bb8-1f23d21f1738,KAB. BANTAENG,KAB. BANTAENG
cec02bf4-1dd9-4a8f-a083-04c2d10ce1ea,c5693006-1eb6-465d-8bb8-1f23d21f1738,KAB. BULUKUMBA,KAB. BULUKUMBA
cfae35ab-3acf-493d-a414-2568953afc46,c5693006-1eb6-465d-8bb8-1f23d21f1738,KAB. SINJAI,KAB. SINJAI
5ff13895-0d92-4aa8-bd49-9a93ea6c3c02,c5693006-1eb6-465d-8bb8-1f23d21f1738,KAB. BONE,KAB. BONE
562f8f2f-9533-4ac5-8832-d17552134aba,c5693006-1eb6-465d-8bb8-1f23d21f1738,KAB. KEPULAUAN SELAYAR,KAB. KEPULAUAN SELAYAR
39e06c96-a52a-4ede-a42a-dfd09cbe9fc8,c5693006-1eb6-465d-8bb8-1f23d21f1738,KAB. LUWU UTARA,KAB. LUWU UTARA
de209cef-1da2-439e-a6fa-c926d0757705,c5693006-1eb6-465d-8bb8-1f23d21f1738,KAB. LUWU TIMUR,KAB. LUWU TIMUR
22773d82-68e2-427c-9b5d-229021c39d01,887f463a-64c0-40cd-847e-096d29cf0aed,KOTA KENDARI,KOTA KENDARI
fcd17660-ee85-421d-ae03-31e6171ca3fb,887f463a-64c0-40cd-847e-096d29cf0aed,KAB. KONAWE UTARA,KAB. KONAWE UTARA
186b97e7-ffd3-4480-8e0e-e6230a63ed2f,887f463a-64c0-40cd-847e-096d29cf0aed,KAB. KONAWE,KAB. KONAWE
fe0cc341-0e5b-47f7-a811-bc76107fd36d,887f463a-64c0-40cd-847e-096d29cf0aed,KAB. KONAWE KEPULAUAN,KAB. KONAWE KEPULAUAN
0755d355-6c69-4e5f-9ec2-23b383ad5fb7,887f463a-64c0-40cd-847e-096d29cf0aed,KAB. KOLAKA,KAB. KOLAKA
1bbbb268-9f17-478e-89e0-f94d830d3f3f,887f463a-64c0-40cd-847e-096d29cf0aed,KAB. KOLAKA TIMUR,KAB. KOLAKA TIMUR
13e382da-2160-4eb6-afb8-d765a1bbb0c2,887f463a-64c0-40cd-847e-096d29cf0aed,KAB. MUNA,KAB. MUNA
6ce51e82-8c81-4301-a8c2-4a164cb91fce,887f463a-64c0-40cd-847e-096d29cf0aed,KOTA BAU BAU,KOTA BAU BAU
86dc97c9-e32c-48de-963c-bc72342dd1e4,887f463a-64c0-40cd-847e-096d29cf0aed,KAB. BUTON SELATAN,KAB. BUTON SELATAN
3566977e-70b0-4cf1-85c2-599850c40117,887f463a-64c0-40cd-847e-096d29cf0aed,KAB. BUTON,KAB. BUTON
618aa1d4-2cad-4822-84aa-ab279373a785,887f463a-64c0-40cd-847e-096d29cf0aed,KAB. BUTON UTARA,KAB. BUTON UTARA
700ed742-60de-4a7a-89bc-7ab1f2742597,887f463a-64c0-40cd-847e-096d29cf0aed,KAB. BUTON TENGAH,KAB. BUTON TENGAH
42db6cdf-6797-451c-8688-8b63a294930a,887f463a-64c0-40cd-847e-096d29cf0aed,KAB. BOMBANA,KAB. BOMBANA
0cb7a2ed-ac64-4cbc-905d-8e3425ac5351,887f463a-64c0-40cd-847e-096d29cf0aed,KAB. WAKATOBI,KAB. WAKATOBI
b418e074-9c7b-481f-8009-eb4262ed46fa,887f463a-64c0-40cd-847e-096d29cf0aed,KAB. KONAWE SELATAN,KAB. KONAWE SELATAN
c1215a56-167e-48a0-b017-87991169bf54,887f463a-64c0-40cd-847e-096d29cf0aed,KAB. KOLAKA UTARA,KAB. KOLAKA UTARA
379e722f-60fc-4795-9295-b76c19bd2440,a0241f6a-367d-48c6-9a0b-94d6d70dda3d,KOTA PALU,KOTA PALU
f14d8298-a51f-4a75-8497-a68cda106c50,a0241f6a-367d-48c6-9a0b-94d6d70dda3d,KAB. DONGGALA,KAB. DONGGALA
c341f87f-8fb1-4e1a-9842-0e7958178ffc,a0241f6a-367d-48c6-9a0b-94d6d70dda3d,KAB. SIGI,KAB. SIGI
a6510ae2-326b-4997-9a0d-2d108906d464,a0241f6a-367d-48c6-9a0b-94d6d70dda3d,KAB. PARIGI MOUTONG,KAB. PARIGI MOUTONG
27dfede1-789c-45f7-abf4-8dc7d55c5ffa,a0241f6a-367d-48c6-9a0b-94d6d70dda3d,KAB. TOLI TOLI,KAB. TOLI TOLI
41d840cf-a0a6-4b53-a6f8-ea2f2efe2b6f,a0241f6a-367d-48c6-9a0b-94d6d70dda3d,KAB. BUOL,KAB. BUOL
0b65642a-04eb-466b-8cc6-300b06b965e5,a0241f6a-367d-48c6-9a0b-94d6d70dda3d,KAB. POSO,KAB. POSO
90dc848b-bfb8-454a-809f-fb23d1fd3116,a0241f6a-367d-48c6-9a0b-94d6d70dda3d,KAB. TOJO UNA UNA,KAB. TOJO UNA UNA
5d19eb5e-1da2-4703-9bd2-41caffde52c7,a0241f6a-367d-48c6-9a0b-94d6d70dda3d,KAB. BANGGAI,KAB. BANGGAI
494e1ca4-db18-41f0-b227-af835530a7f8,a0241f6a-367d-48c6-9a0b-94d6d70dda3d,KAB. BANGGAI LAUT,KAB. BANGGAI LAUT
d15333a9-a252-446d-af8c-a0123ededcb8,a0241f6a-367d-48c6-9a0b-94d6d70dda3d,KAB. BANGGAI KEPULAUAN,KAB. BANGGAI KEPULAUAN
952b9198-57ad-42ad-94bd-be5a2c3d6687,a0241f6a-367d-48c6-9a0b-94d6d70dda3d,KAB. MOROWALI,KAB. MOROWALI
8983e6f3-2579-46b5-b3a0-a1dcbea47c0f,a0241f6a-367d-48c6-9a0b-94d6d70dda3d,KAB. MOROWALI UTARA,KAB. MOROWALI UTARA
292cfe6c-1099-459c-b9e8-e5cefecdf19e,69807da3-33a3-456b-90ca-1c9f1423946d,KOTA MANADO,KOTA MANADO
0972ba60-9969-464a-ab3e-c7302de49fb2,69807da3-33a3-456b-90ca-1c9f1423946d,KAB. MINAHASA UTARA,KAB. MINAHASA UTARA
06bbb971-693e-47fe-a090-f7e3a6e3ed7b,69807da3-33a3-456b-90ca-1c9f1423946d,KOTA TOMOHON,KOTA TOMOHON
f16a9c35-542b-49ab-8ae7-25488e5b6fda,69807da3-33a3-456b-90ca-1c9f1423946d,KOTA BITUNG,KOTA BITUNG
a65bfca4-a012-492e-b135-c67d7e014650,69807da3-33a3-456b-90ca-1c9f1423946d,KAB. MINAHASA,KAB. MINAHASA
3a54958c-b391-4125-a0c9-bf1562efdfd0,69807da3-33a3-456b-90ca-1c9f1423946d,KOTA KOTAMOBAGU,KOTA KOTAMOBAGU
cec53ae0-951a-4051-b1a8-a67363f85713,69807da3-33a3-456b-90ca-1c9f1423946d,KAB. BOLAANG MONGONDOW,KAB. BOLAANG MONGONDOW
cab9f21a-d71a-4e3a-9bc7-06f36bf2237c,69807da3-33a3-456b-90ca-1c9f1423946d,KAB. BOLAANG MONGONDOW UTARA,KAB. BOLAANG MONGONDOW UTARA
26a4e6fc-c399-462b-9eba-d5130bb0ee49,69807da3-33a3-456b-90ca-1c9f1423946d,KAB. BOLAANG MONGONDOW SELATAN,KAB. BOLAANG MONGONDOW SELATAN
26ccffc5-4595-4455-8391-97919c95ebe3,69807da3-33a3-456b-90ca-1c9f1423946d,KAB. BOLAANG MONGONDOW TIMUR,KAB. BOLAANG MONGONDOW TIMUR
637595df-412d-4508-8ae9-9366e490e663,69807da3-33a3-456b-90ca-1c9f1423946d,KAB. KEPULAUAN SANGIHE,KAB. KEPULAUAN SANGIHE
50b35a28-a6fb-4399-ae52-dfc82eca4fe7,69807da3-33a3-456b-90ca-1c9f1423946d,KAB. KEP. SIAU TAGULANDANG BIARO,KAB. KEP. SIAU TAGULANDANG BIARO
c68014a7-f664-40ca-bb20-969885f14449,69807da3-33a3-456b-90ca-1c9f1423946d,KAB. KEPULAUAN TALAUD,KAB. KEPULAUAN TALAUD
3daf8a94-b7f4-40b4-a9de-ec464a589ff1,69807da3-33a3-456b-90ca-1c9f1423946d,KAB. MINAHASA SELATAN,KAB. MINAHASA SELATAN
f1f14abf-e1e8-4706-9ed8-cb4aaba655bc,69807da3-33a3-456b-90ca-1c9f1423946d,KAB. MINAHASA TENGGARA,KAB. MINAHASA TENGGARA
ea34c86b-db88-448f-a76d-667c7c0346c3,7d974d2a-9c0d-4ba3-ba8a-2beafbc2f6bf,KOTA GORONTALO,KOTA GORONTALO
5c4deee1-2ea3-4477-b24a-bbeeacb452c5,7d974d2a-9c0d-4ba3-ba8a-2beafbc2f6bf,KAB. GORONTALO,KAB. GORONTALO
5e94890d-9dd1-4323-80db-4c00929224cc,7d974d2a-9c0d-4ba3-ba8a-2beafbc2f6bf,KAB. BOALEMO,KAB. BOALEMO
8cf412ed-7358-48eb-b57d-4986697c3a59,7d974d2a-9c0d-4ba3-ba8a-2beafbc2f6bf,KAB. PAHUWATO,KAB. PAHUWATO
0b73c705-becf-4c47-af50-43a7caadebe8,7d974d2a-9c0d-4ba3-ba8a-2beafbc2f6bf,KAB. BONE BOLANGO,KAB. BONE BOLANGO
29e1cebd-1650-4468-8da8-d51c4d5f5335,7d974d2a-9c0d-4ba3-ba8a-2beafbc2f6bf,KAB. GORONTALO UTARA,KAB. GORONTALO UTARA
a28a32db-50b7-45f7-bc0b-8cf8613b14a6,75bb4408-d488-4fd5-829c-741fde3787e5,KOTA AMBON,KOTA AMBON
12e0f965-d2cb-4715-b667-0c3c56673aa4,75bb4408-d488-4fd5-829c-741fde3787e5,KAB. BURU SELATAN,KAB. BURU SELATAN
1fb2a73b-ae8e-4dd9-859a-19de9797da72,75bb4408-d488-4fd5-829c-741fde3787e5,KAB. BURU,KAB. BURU
6ac98c0e-f362-4e34-ad67-db8e0cd5ac2b,75bb4408-d488-4fd5-829c-741fde3787e5,KAB. MALUKU BARAT DAYA,KAB. MALUKU BARAT DAYA
6290a31d-0932-4080-a86f-48edd6e38b61,75bb4408-d488-4fd5-829c-741fde3787e5,KAB. MALUKU TENGGARA BARAT,KAB. MALUKU TENGGARA BARAT
6d6c381a-6234-4df7-86fd-b42520c80758,75bb4408-d488-4fd5-829c-741fde3787e5,KAB. MALUKU TENGAH,KAB. MALUKU TENGAH
b7335b07-e7e9-4f53-a752-cf60498c9030,75bb4408-d488-4fd5-829c-741fde3787e5,KAB. SERAM BAGIAN BARAT,KAB. SERAM BAGIAN BARAT
ee72dbc3-a578-4075-87d1-5e108074be9b,75bb4408-d488-4fd5-829c-741fde3787e5,KAB. SERAM BAGIAN TIMUR,KAB. SERAM BAGIAN TIMUR
9acd5100-e878-4496-8f4d-8b9f0f393226,75bb4408-d488-4fd5-829c-741fde3787e5,KOTA TUAL,KOTA TUAL
cdcf3500-3378-46bd-a6fe-51c836fb419c,75bb4408-d488-4fd5-829c-741fde3787e5,KAB. MALUKU TENGGARA,KAB. MALUKU TENGGARA
f491c7d1-80d2-4697-8719-888242ff1171,75bb4408-d488-4fd5-829c-741fde3787e5,KAB. KEPULAUAN ARU,KAB. KEPULAUAN ARU
bce44fcf-ec48-4ecd-8f77-dfcd5258548a,927823c6-7237-45d9-be35-15b3cf3c5c78,KOTA TERNATE,KOTA TERNATE
d5cba3c0-f48f-4c03-8a0b-bf862b3d52ba,927823c6-7237-45d9-be35-15b3cf3c5c78,KAB. HALMAHERA UTARA,KAB. HALMAHERA UTARA
c7a3eb5d-49b6-4971-9d9a-ead7c874034b,927823c6-7237-45d9-be35-15b3cf3c5c78,KAB. HALMAHERA BARAT,KAB. HALMAHERA BARAT
02d30894-8391-4c72-8046-9bf3de7a4574,927823c6-7237-45d9-be35-15b3cf3c5c78,KAB. PULAU MOROTAI,KAB. PULAU MOROTAI
eb309814-fed3-4739-8b61-eface1711c18,927823c6-7237-45d9-be35-15b3cf3c5c78,KOTA TIDORE KEPULAUAN,KOTA TIDORE KEPULAUAN
51ef463f-4180-43b0-b821-740b3519b6c2,927823c6-7237-45d9-be35-15b3cf3c5c78,KAB. HALMAHERA TENGAH,KAB. HALMAHERA TENGAH
b6442ac0-11f0-4265-8f3d-2a590663991c,927823c6-7237-45d9-be35-15b3cf3c5c78,KAB. HALMAHERA TIMUR,KAB. HALMAHERA TIMUR
6ebd6ec2-c8da-43d6-af2c-a6f109377b9f,927823c6-7237-45d9-be35-15b3cf3c5c78,KAB. HALMAHERA SELATAN,KAB. HALMAHERA SELATAN
e664815f-df37-4431-b485-6a47f7f5158a,927823c6-7237-45d9-be35-15b3cf3c5c78,KAB. KEPULAUAN SULA,KAB. KEPULAUAN SULA
d3d3c340-fe84-47c8-9f71-9999750aec95,7f4ab5e0-3cc9-443b-bd27-f2d114a91ffb,KAB. MAYBRAT,KAB. MAYBRAT
0483d84d-87e9-411e-ac9e-4aa210da8862,3a7d8d96-8038-4225-954a-172707d21b3f,KAB. BIAK NUMFOR,KAB. BIAK NUMFOR
34729453-f046-40bb-a224-a11b33c6b012,3a7d8d96-8038-4225-954a-172707d21b3f,KAB. SUPIORI,KAB. SUPIORI
7cb8179a-66fd-46e0-a1ae-c207c2c904e5,3a7d8d96-8038-4225-954a-172707d21b3f,KAB. KEPULAUAN YAPEN,KAB. KEPULAUAN YAPEN
1a57b774-ce0e-43d0-ae52-1b1bb0f16131,3a7d8d96-8038-4225-954a-172707d21b3f,KAB. WAROPEN,KAB. WAROPEN
69bcac21-b780-4617-acae-b689efe63fa8,7f4ab5e0-3cc9-443b-bd27-f2d114a91ffb,KAB. MANOKWARI,KAB. MANOKWARI
00465fdb-ed39-4efa-9c20-60805e8ee89a,7f4ab5e0-3cc9-443b-bd27-f2d114a91ffb,KAB. MANOKWARI SELATAN,KAB. MANOKWARI SELATAN
558babab-fca5-49ab-8f76-21d7f9bd2552,7f4ab5e0-3cc9-443b-bd27-f2d114a91ffb,KAB. PEGUNUNGAN ARFAK,KAB. PEGUNUNGAN ARFAK
5dce5d96-52e1-4b95-8941-ba2d4b34e517,7f4ab5e0-3cc9-443b-bd27-f2d114a91ffb,KAB. TAMBRAUW,KAB. TAMBRAUW
78202846-80f2-4932-a6d8-39c3fe0e574c,7f4ab5e0-3cc9-443b-bd27-f2d114a91ffb,KOTA SORONG,KOTA SORONG
b1cc2acf-1991-44cc-a900-e26404283d38,7f4ab5e0-3cc9-443b-bd27-f2d114a91ffb,KAB. SORONG,KAB. SORONG
e5a1123c-b9bd-43bd-8c35-5ff5918a92e8,7f4ab5e0-3cc9-443b-bd27-f2d114a91ffb,KAB. SORONG SELATAN,KAB. SORONG SELATAN
b71961f7-2052-4a9a-9abe-9a32421e68fb,7f4ab5e0-3cc9-443b-bd27-f2d114a91ffb,KAB. RAJA AMPAT,KAB. RAJA AMPAT
eb4fe76b-36df-4f09-9932-a2ceadfb0dc0,7f4ab5e0-3cc9-443b-bd27-f2d114a91ffb,KAB. TELUK BINTUNI,KAB. TELUK BINTUNI
74fe0cef-12c2-45cd-9caf-b84b35814900,7f4ab5e0-3cc9-443b-bd27-f2d114a91ffb,KAB. TELUK WONDAMA,KAB. TELUK WONDAMA
5b798fa9-5b0e-4dc0-9307-d5e9fb9a6bca,7f4ab5e0-3cc9-443b-bd27-f2d114a91ffb,KAB. FAK FAK,KAB. FAK FAK
0c97e530-1c75-458d-8428-6ffd76c67f15,7f4ab5e0-3cc9-443b-bd27-f2d114a91ffb,KAB. KAIMANA,KAB. KAIMANA
b0a4a056-b3a4-4539-8fb0-962ab8d650fb,3a7d8d96-8038-4225-954a-172707d21b3f,KAB. PANIAI,KAB. PANIAI
554fefe0-d182-4e85-ac82-a02adf1e2836,3a7d8d96-8038-4225-954a-172707d21b3f,KAB. INTAN JAYA,KAB. INTAN JAYA
73e88837-fd7a-438e-b83b-7e70162e6c81,3a7d8d96-8038-4225-954a-172707d21b3f,KAB. DEIYAI,KAB. DEIYAI
3298aa2a-4c44-48be-a956-225987024820,3a7d8d96-8038-4225-954a-172707d21b3f,KAB. NABIRE,KAB. NABIRE
4651d510-d22a-4414-8546-c7d86e8b5941,3a7d8d96-8038-4225-954a-172707d21b3f,KAB. DOGIYAI,KAB. DOGIYAI
9b293d55-bf5b-4acc-9cbc-ea6964c8a4cb,3a7d8d96-8038-4225-954a-172707d21b3f,KAB. PUNCAK JAYA,KAB. PUNCAK JAYA
de472f22-99f2-4670-b88c-d3bca80be3b9,3a7d8d96-8038-4225-954a-172707d21b3f,KAB. PUNCAK,KAB. PUNCAK
db25b2be-5706-4198-b963-89d3e40a35e5,3a7d8d96-8038-4225-954a-172707d21b3f,KAB. YAHUKIMO,KAB. YAHUKIMO
e95a38e2-f8e1-4acd-a5fc-9779d6482a93,3a7d8d96-8038-4225-954a-172707d21b3f,KOTA JAYAPURA,KOTA JAYAPURA
bd9c32c2-01af-40b3-8f47-114358fa0b54,3a7d8d96-8038-4225-954a-172707d21b3f,KAB. JAYAPURA,KAB. JAYAPURA
66a3aa8b-2dd0-4306-a386-bf33f33617aa,3a7d8d96-8038-4225-954a-172707d21b3f,KAB. TOLIKARA,KAB. TOLIKARA
2f236738-b444-43dd-8b56-cb4d8c85657f,3a7d8d96-8038-4225-954a-172707d21b3f,KAB. SARMI,KAB. SARMI
08c0d4a0-2e49-4d0c-b8ed-9e841e1e09c2,3a7d8d96-8038-4225-954a-172707d21b3f,KAB. MAMBERAMO RAYA,KAB. MAMBERAMO RAYA
970bad0b-df84-498f-9807-85581c040299,3a7d8d96-8038-4225-954a-172707d21b3f,KAB. KEEROM,KAB. KEEROM
58a8e05b-a163-464d-ac94-38a9487114b4,3a7d8d96-8038-4225-954a-172707d21b3f,KAB. YALIMO,KAB. YALIMO
18d945d4-baff-4ac2-818e-170f3f1ad8dd,3a7d8d96-8038-4225-954a-172707d21b3f,KAB. JAYAWIJAYA,KAB. JAYAWIJAYA
bce120f6-5e1b-4666-bae6-c6db7249da01,3a7d8d96-8038-4225-954a-172707d21b3f,KAB. LANNY JAYA,KAB. LANNY JAYA
3a2fd39c-25ae-41f9-a9c7-0cb982a650ae,3a7d8d96-8038-4225-954a-172707d21b3f,KAB. NDUGA,KAB. NDUGA
ec22adbb-0caa-4565-8c99-3a9f2b00621b,3a7d8d96-8038-4225-954a-172707d21b3f,KAB. MAMBERAMO TENGAH,KAB. MAMBERAMO TENGAH
223381ba-4587-4a07-b23b-b82617291d1b,3a7d8d96-8038-4225-954a-172707d21b3f,KAB. PEGUNUNGAN BINTANG,KAB. PEGUNUNGAN BINTANG
1ca42517-e1bd-4988-b269-013bf4f98d3a,3a7d8d96-8038-4225-954a-172707d21b3f,KAB. MERAUKE,KAB. MERAUKE
f602cb7e-597d-4517-be31-0d80fb7f5ed2,3a7d8d96-8038-4225-954a-172707d21b3f,KAB. BOVEN DIGOEL,KAB. BOVEN DIGOEL
5cbac477-e623-4d09-8a2f-f46906340e7d,3a7d8d96-8038-4225-954a-172707d21b3f,KAB. ASMAT,KAB. ASMAT
d0e14ff4-2e4d-480b-9f37-5b73309915f5,3a7d8d96-8038-4225-954a-172707d21b3f,KAB. MAPPI,KAB. MAPPI
cbf493f9-52bb-4486-a35e-b7632f9e0f52,3a7d8d96-8038-4225-954a-172707d21b3f,KAB. MIMIKA,KAB. MIMIKA
